company_name,website_url
Baud,https://baudlabs.ai
Async,https://withasync.com
OS3,https://os3robotics.com/
TrustAI,https://trytrust.ai
"Prescience, Inc.",https://www.getprescience.com/
Rapidfolio,https://rapidfolio.com/
Assemble,https://www.assemble.ai/
Archal,https://www.archal.ai/
Libra Robotics,https://www.librabots.com/
Ekpa,https://goekpa.com/
Tsenta,https://tsenta.com
Control Seat,https://www.controlseat.com
Cova,https://cova.care/
Poth Labs,https://pothlabs.com
Litmus,https://litmushiring.com/
Illume Labs,https://www.illumelabs.ai
Instance,https://www.instancelabs.ai/
Osmaura,https://osmaura.com
Palette,https://palettetechnology.com/
Sidekick,https://www.textsidekick.com/
Shepherd,https://askshepherd.ai
Atlas Discovery,https://atlasdiscovery.bio
rekursiv.ai,https://rekursiv.ai
Proprio Robotics,https://www.propriorobotics.com/
Rindler,https://rindler.ai
